Date,Location,Population
1980-01,Canada,24345365
1980-04,Canada,24418295
1980-07,Canada,24515667
1980-10,Canada,24603534
1981-01,Canada,24665355
1981-04,Canada,24732826
1981-07,Canada,24819915
1981-10,Canada,24920120
1982-01,Canada,24979229
1982-04,Canada,25042069
1982-07,Canada,25116942
1982-10,Canada,25193538
1983-01,Canada,25242830
1983-04,Canada,25300372
1983-07,Canada,25366451
1983-10,Canada,25434150
1984-01,Canada,25482358
1984-04,Canada,25539861
1984-07,Canada,25607053
1984-10,Canada,25677668
1985-01,Canada,25721170
1985-04,Canada,25774717
1985-07,Canada,25842116
1985-10,Canada,25914797
1986-01,Canada,25962414
1986-04,Canada,26019615
1986-07,Canada,26100278
1986-10,Canada,26187639
1987-01,Canada,26256140
1987-04,Canada,26346370
1987-07,Canada,26446601
1987-10,Canada,26542370
1988-01,Canada,26602328
1988-04,Canada,26679165
1988-07,Canada,26791747
1988-10,Canada,26932655
1989-01,Canada,27032356
1989-04,Canada,27147776
1989-07,Canada,27276781
1989-10,Canada,27402695
1990-01,Canada,27463550
1990-04,Canada,27567161
1990-07,Canada,27691138
1990-10,Canada,27807591
1991-01,Canada,27854861
1991-04,Canada,27928837
1991-07,Canada,28037420
1991-10,Canada,28127327
1992-01,Canada,28181477
1992-04,Canada,28269699
1992-07,Canada,28371264
1992-10,Canada,28474177
1993-01,Canada,28533602
1993-04,Canada,28600864
1993-07,Canada,28684764
1993-10,Canada,28786619
1994-01,Canada,28835772
1994-04,Canada,28907448
1994-07,Canada,29000663
1994-10,Canada,29096372
1995-01,Canada,29141902
1995-04,Canada,29211541
1995-07,Canada,29302311
1995-10,Canada,29396274
1996-01,Canada,29446857
1996-04,Canada,29514217
1996-07,Canada,29610218
1996-10,Canada,29708206
1997-01,Canada,29751536
1997-04,Canada,29818012
1997-07,Canada,29905948
1997-10,Canada,29994790
1998-01,Canada,30028506
1998-04,Canada,30080180
1998-07,Canada,30155173
1998-10,Canada,30231639
1999-01,Canada,30260117
1999-04,Canada,30314696
1999-07,Canada,30401286
1999-10,Canada,30492106
2000-01,Canada,30525872
2000-04,Canada,30594030
2000-07,Canada,30685730
2000-10,Canada,30783969
2001-01,Canada,30824441
2001-04,Canada,30910996
2001-07,Canada,31020855
2001-10,Canada,31128873
2002-01,Canada,31168896
2002-04,Canada,31252682
2002-07,Canada,31359199
2002-10,Canada,31450677
2003-01,Canada,31479415
2003-04,Canada,31549344
2003-07,Canada,31642461
2003-10,Canada,31736141
2004-01,Canada,31775723
2004-04,Canada,31844704
2004-07,Canada,31938807
2004-10,Canada,32038207
2005-01,Canada,32075011
2005-04,Canada,32140569
2005-07,Canada,32242732
2005-10,Canada,32353311
2006-01,Canada,32394909
2006-04,Canada,32470171
2006-07,Canada,32571193
2006-10,Canada,32680839
2007-01,Canada,32717848
2007-04,Canada,32785964
2007-07,Canada,32888886
2007-10,Canada,33001918
2008-01,Canada,33050262
2008-04,Canada,33127394
2008-07,Canada,33247298
2008-10,Canada,33372978
2009-01,Canada,33427754
2009-04,Canada,33512305
2009-07,Canada,33630069
2009-10,Canada,33758581
2010-01,Canada,33809016
2010-04,Canada,33890461
2010-07,Canada,34005902
2010-10,Canada,34132531
2011-01,Canada,34166633
2011-04,Canada,34230555
2011-07,Canada,34339221
2011-10,Canada,34457713
2012-01,Canada,34516032
2012-04,Canada,34592192
2012-07,Canada,34713395
2012-10,Canada,34834973
2013-01,Canada,34881794
2013-04,Canada,34956567
2013-07,Canada,35080992
2013-10,Canada,35209597
2014-01,Canada,35247023
2014-04,Canada,35320540
2014-07,Canada,35434066
2014-10,Canada,35555305
2015-01,Canada,35571043
2015-04,Canada,35606734
2015-07,Canada,35704498
2015-10,Canada,35823591
2016-01,Canada,35871484
2016-04,Canada,35970407
2016-07,Canada,36110803
2016-10,Canada,36257421
2017-01,Canada,36313068
2017-04,Canada,36397141
2017-07,Canada,36545075
2017-10,Canada,36722075
2018-01,Canada,36801579
2018-04,Canada,36903671
2018-07,Canada,37072620
2018-10,Canada,37259485
2019-01,Canada,37336956
2019-04,Canada,37437243
2019-07,Canada,37618495
2019-10,Canada,37828162
2020-01,Canada,37928208
2020-04,Canada,38006941
2020-07,Canada,38028638
2020-10,Canada,38027406
2021-01,Canada,38058291
2021-04,Canada,38140918
2021-07,Canada,38239864
2021-10,Canada,38446871
2022-01,Canada,38566032
2022-04,Canada,38682424
2022-07,Canada,38935934
2022-10,Canada,39279501
2023-01,Canada,39527986
2023-04,Canada,39748878
2023-07,Canada,40083484
2023-10,Canada,40513781
2024-01,Canada,40784356
2024-04,Canada,41038370
2024-07,Canada,41288599
2024-10,Canada,41465298
2025-01,Canada,41528680
1980-01,Newfoundland and Labrador,570899
1980-04,Newfoundland and Labrador,571554
1980-07,Newfoundland and Labrador,572759
1980-10,Newfoundland and Labrador,573582
1981-01,Newfoundland and Labrador,573420
1981-04,Newfoundland and Labrador,574199
1981-07,Newfoundland and Labrador,575302
1981-10,Newfoundland and Labrador,575276
1982-01,Newfoundland and Labrador,573343
1982-04,Newfoundland and Labrador,573292
1982-07,Newfoundland and Labrador,573795
1982-10,Newfoundland and Labrador,575898
1983-01,Newfoundland and Labrador,576813
1983-04,Newfoundland and Labrador,577523
1983-07,Newfoundland and Labrador,579164
1983-10,Newfoundland and Labrador,579603
1984-01,Newfoundland and Labrador,579558
1984-04,Newfoundland and Labrador,579810
1984-07,Newfoundland and Labrador,580065
1984-10,Newfoundland and Labrador,579356
1985-01,Newfoundland and Labrador,579043
1985-04,Newfoundland and Labrador,579320
1985-07,Newfoundland and Labrador,579275
1985-10,Newfoundland and Labrador,577784
1986-01,Newfoundland and Labrador,577248
1986-04,Newfoundland and Labrador,577105
1986-07,Newfoundland and Labrador,576306
1986-10,Newfoundland and Labrador,575396
1987-01,Newfoundland and Labrador,575586
1987-04,Newfoundland and Labrador,575802
1987-07,Newfoundland and Labrador,575242
1987-10,Newfoundland and Labrador,574094
1988-01,Newfoundland and Labrador,574543
1988-04,Newfoundland and Labrador,574912
1988-07,Newfoundland and Labrador,574982
1988-10,Newfoundland and Labrador,574645
1989-01,Newfoundland and Labrador,575626
1989-04,Newfoundland and Labrador,576458
1989-07,Newfoundland and Labrador,576551
1989-10,Newfoundland and Labrador,575594
1990-01,Newfoundland and Labrador,576278
1990-04,Newfoundland and Labrador,577167
1990-07,Newfoundland and Labrador,577368
1990-10,Newfoundland and Labrador,577113
1991-01,Newfoundland and Labrador,577377
1991-04,Newfoundland and Labrador,578397
1991-07,Newfoundland and Labrador,579644
1991-10,Newfoundland and Labrador,579549
1992-01,Newfoundland and Labrador,579425
1992-04,Newfoundland and Labrador,579761
1992-07,Newfoundland and Labrador,580109
1992-10,Newfoundland and Labrador,579624
1993-01,Newfoundland and Labrador,580819
1993-04,Newfoundland and Labrador,580369
1993-07,Newfoundland and Labrador,579977
1993-10,Newfoundland and Labrador,578194
1994-01,Newfoundland and Labrador,577128
1994-04,Newfoundland and Labrador,575670
1994-07,Newfoundland and Labrador,574466
1994-10,Newfoundland and Labrador,572068
1995-01,Newfoundland and Labrador,570563
1995-04,Newfoundland and Labrador,569068
1995-07,Newfoundland and Labrador,567397
1995-10,Newfoundland and Labrador,565008
1996-01,Newfoundland and Labrador,563679
1996-04,Newfoundland and Labrador,561646
1996-07,Newfoundland and Labrador,559698
1996-10,Newfoundland and Labrador,557281
1997-01,Newfoundland and Labrador,555432
1997-04,Newfoundland and Labrador,553115
1997-07,Newfoundland and Labrador,550911
1997-10,Newfoundland and Labrador,547639
1998-01,Newfoundland and Labrador,545769
1998-04,Newfoundland and Labrador,542479
1998-07,Newfoundland and Labrador,539843
1998-10,Newfoundland and Labrador,537908
1999-01,Newfoundland and Labrador,536515
1999-04,Newfoundland and Labrador,534498
1999-07,Newfoundland and Labrador,533329
1999-10,Newfoundland and Labrador,532246
2000-01,Newfoundland and Labrador,531774
2000-04,Newfoundland and Labrador,529574
2000-07,Newfoundland and Labrador,527966
2000-10,Newfoundland and Labrador,526732
2001-01,Newfoundland and Labrador,525299
2001-04,Newfoundland and Labrador,523235
2001-07,Newfoundland and Labrador,522043
2001-10,Newfoundland and Labrador,521583
2002-01,Newfoundland and Labrador,521414
2002-04,Newfoundland and Labrador,520176
2002-07,Newfoundland and Labrador,519411
2002-10,Newfoundland and Labrador,519387
2003-01,Newfoundland and Labrador,519140
2003-04,Newfoundland and Labrador,518735
2003-07,Newfoundland and Labrador,518389
2003-10,Newfoundland and Labrador,518718
2004-01,Newfoundland and Labrador,518677
2004-04,Newfoundland and Labrador,517888
2004-07,Newfoundland and Labrador,517375
2004-10,Newfoundland and Labrador,516863
2005-01,Newfoundland and Labrador,516750
2005-04,Newfoundland and Labrador,515324
2005-07,Newfoundland and Labrador,514310
2005-10,Newfoundland and Labrador,513725
2006-01,Newfoundland and Labrador,512554
2006-04,Newfoundland and Labrador,510959
2006-07,Newfoundland and Labrador,510593
2006-10,Newfoundland and Labrador,510325
2007-01,Newfoundland and Labrador,510329
2007-04,Newfoundland and Labrador,509126
2007-07,Newfoundland and Labrador,509047
2007-10,Newfoundland and Labrador,510256
2008-01,Newfoundland and Labrador,510989
2008-04,Newfoundland and Labrador,511239
2008-07,Newfoundland and Labrador,511569
2008-10,Newfoundland and Labrador,513425
2009-01,Newfoundland and Labrador,514210
2009-04,Newfoundland and Labrador,514707
2009-07,Newfoundland and Labrador,516741
2009-10,Newfoundland and Labrador,518975
2010-01,Newfoundland and Labrador,520276
2010-04,Newfoundland and Labrador,521197
2010-07,Newfoundland and Labrador,522002
2010-10,Newfoundland and Labrador,522861
2011-01,Newfoundland and Labrador,523723
2011-04,Newfoundland and Labrador,524238
2011-07,Newfoundland and Labrador,524955
2011-10,Newfoundland and Labrador,525845
2012-01,Newfoundland and Labrador,526115
2012-04,Newfoundland and Labrador,525550
2012-07,Newfoundland and Labrador,526235
2012-10,Newfoundland and Labrador,527065
2013-01,Newfoundland and Labrador,527129
2013-04,Newfoundland and Labrador,527177
2013-07,Newfoundland and Labrador,526960
2013-10,Newfoundland and Labrador,527948
2014-01,Newfoundland and Labrador,528065
2014-04,Newfoundland and Labrador,527314
2014-07,Newfoundland and Labrador,527970
2014-10,Newfoundland and Labrador,528266
2015-01,Newfoundland and Labrador,528161
2015-04,Newfoundland and Labrador,527859
2015-07,Newfoundland and Labrador,528348
2015-10,Newfoundland and Labrador,528843
2016-01,Newfoundland and Labrador,528903
2016-04,Newfoundland and Labrador,529083
2016-07,Newfoundland and Labrador,529586
2016-10,Newfoundland and Labrador,530368
2017-01,Newfoundland and Labrador,530175
2017-04,Newfoundland and Labrador,529700
2017-07,Newfoundland and Labrador,529742
2017-10,Newfoundland and Labrador,530153
2018-01,Newfoundland and Labrador,529743
2018-04,Newfoundland and Labrador,528924
2018-07,Newfoundland and Labrador,528402
2018-10,Newfoundland and Labrador,528926
2019-01,Newfoundland and Labrador,528326
2019-04,Newfoundland and Labrador,527993
2019-07,Newfoundland and Labrador,527643
2019-10,Newfoundland and Labrador,528442
2020-01,Newfoundland and Labrador,528231
2020-04,Newfoundland and Labrador,527733
2020-07,Newfoundland and Labrador,526884
2020-10,Newfoundland and Labrador,526046
2021-01,Newfoundland and Labrador,525895
2021-04,Newfoundland and Labrador,526195
2021-07,Newfoundland and Labrador,527056
2021-10,Newfoundland and Labrador,528302
2022-01,Newfoundland and Labrador,528957
2022-04,Newfoundland and Labrador,529042
2022-07,Newfoundland and Labrador,531308
2022-10,Newfoundland and Labrador,533409
2023-01,Newfoundland and Labrador,535298
2023-04,Newfoundland and Labrador,536686
2023-07,Newfoundland and Labrador,538907
2023-10,Newfoundland and Labrador,541000
2024-01,Newfoundland and Labrador,541820
2024-04,Newfoundland and Labrador,543141
2024-07,Newfoundland and Labrador,545247
2024-10,Newfoundland and Labrador,545880
2025-01,Newfoundland and Labrador,545579
1980-01,Prince Edward Island,123109
1980-04,Prince Edward Island,123275
1980-07,Prince Edward Island,123735
1980-10,Prince Edward Island,123445
1981-01,Prince Edward Island,123315
1981-04,Prince Edward Island,123285
1981-07,Prince Edward Island,123551
1981-10,Prince Edward Island,123496
1982-01,Prince Edward Island,123335
1982-04,Prince Edward Island,123225
1982-07,Prince Edward Island,123588
1982-10,Prince Edward Island,123919
1983-01,Prince Edward Island,124181
1983-04,Prince Edward Island,124479
1983-07,Prince Edward Island,125102
1983-10,Prince Edward Island,125634
1984-01,Prince Edward Island,125906
1984-04,Prince Edward Island,126184
1984-07,Prince Edward Island,126563
1984-10,Prince Edward Island,126877
1985-01,Prince Edward Island,127330
1985-04,Prince Edward Island,127486
1985-07,Prince Edward Island,127619
1985-10,Prince Edward Island,127864
1986-01,Prince Edward Island,128256
1986-04,Prince Edward Island,128403
1986-07,Prince Edward Island,128436
1986-10,Prince Edward Island,128281
1987-01,Prince Edward Island,128429
1987-04,Prince Edward Island,128645
1987-07,Prince Edward Island,128641
1987-10,Prince Edward Island,128758
1988-01,Prince Edward Island,129152
1988-04,Prince Edward Island,129242
1988-07,Prince Edward Island,129289
1988-10,Prince Edward Island,129327
1989-01,Prince Edward Island,129984
1989-04,Prince Edward Island,130192
1989-07,Prince Edward Island,130153
1989-10,Prince Edward Island,129900
1990-01,Prince Edward Island,130336
1990-04,Prince Edward Island,130468
1990-07,Prince Edward Island,130404
1990-10,Prince Edward Island,130367
1991-01,Prince Edward Island,130477
1991-04,Prince Edward Island,130453
1991-07,Prince Edward Island,130369
1991-10,Prince Edward Island,130360
1992-01,Prince Edward Island,130604
1992-04,Prince Edward Island,130812
1992-07,Prince Edward Island,130827
1992-10,Prince Edward Island,131201
1993-01,Prince Edward Island,131564
1993-04,Prince Edward Island,131833
1993-07,Prince Edward Island,132177
1993-10,Prince Edward Island,132467
1994-01,Prince Edward Island,132752
1994-04,Prince Edward Island,133030
1994-07,Prince Edward Island,133437
1994-10,Prince Edward Island,133800
1995-01,Prince Edward Island,134060
1995-04,Prince Edward Island,134175
1995-07,Prince Edward Island,134415
1995-10,Prince Edward Island,134971
1996-01,Prince Edward Island,135119
1996-04,Prince Edward Island,135311
1996-07,Prince Edward Island,135737
1996-10,Prince Edward Island,136004
1997-01,Prince Edward Island,135935
1997-04,Prince Edward Island,135931
1997-07,Prince Edward Island,136095
1997-10,Prince Edward Island,136165
1998-01,Prince Edward Island,135938
1998-04,Prince Edward Island,135635
1998-07,Prince Edward Island,135804
1998-10,Prince Edward Island,135908
1999-01,Prince Edward Island,135994
1999-04,Prince Edward Island,136025
1999-07,Prince Edward Island,136281
1999-10,Prince Edward Island,136424
2000-01,Prince Edward Island,136442
2000-04,Prince Edward Island,136289
2000-07,Prince Edward Island,136470
2000-10,Prince Edward Island,136400
2001-01,Prince Edward Island,136377
2001-04,Prince Edward Island,136499
2001-07,Prince Edward Island,136667
2001-10,Prince Edward Island,136876
2002-01,Prince Edward Island,136858
2002-04,Prince Edward Island,136893
2002-07,Prince Edward Island,136882
2002-10,Prince Edward Island,137082
2003-01,Prince Edward Island,137079
2003-04,Prince Edward Island,137124
2003-07,Prince Edward Island,137231
2003-10,Prince Edward Island,137430
2004-01,Prince Edward Island,137512
2004-04,Prince Edward Island,137631
2004-07,Prince Edward Island,137682
2004-10,Prince Edward Island,137697
2005-01,Prince Edward Island,137691
2005-04,Prince Edward Island,137790
2005-07,Prince Edward Island,138067
2005-10,Prince Edward Island,138133
2006-01,Prince Edward Island,137908
2006-04,Prince Edward Island,137847
2006-07,Prince Edward Island,137869
2006-10,Prince Edward Island,137898
2007-01,Prince Edward Island,137777
2007-04,Prince Edward Island,137707
2007-07,Prince Edward Island,137709
2007-10,Prince Edward Island,138020
2008-01,Prince Edward Island,137990
2008-04,Prince Edward Island,138175
2008-07,Prince Edward Island,138736
2008-10,Prince Edward Island,139448
2009-01,Prince Edward Island,139114
2009-04,Prince Edward Island,139190
2009-07,Prince Edward Island,139873
2009-10,Prince Edward Island,140596
2010-01,Prince Edward Island,140598
2010-04,Prince Edward Island,140978
2010-07,Prince Edward Island,141644
2010-10,Prince Edward Island,142725
2011-01,Prince Edward Island,143016
2011-04,Prince Edward Island,143265
2011-07,Prince Edward Island,143918
2011-10,Prince Edward Island,144283
2012-01,Prince Edward Island,144208
2012-04,Prince Edward Island,144365
2012-07,Prince Edward Island,144415
2012-10,Prince Edward Island,144396
2013-01,Prince Edward Island,144041
2013-04,Prince Edward Island,143807
2013-07,Prince Edward Island,143942
2013-10,Prince Edward Island,143943
2014-01,Prince Edward Island,143828
2014-04,Prince Edward Island,143810
2014-07,Prince Edward Island,144095
2014-10,Prince Edward Island,144342
2015-01,Prince Edward Island,144162
2015-04,Prince Edward Island,144046
2015-07,Prince Edward Island,144636
2015-10,Prince Edward Island,144949
2016-01,Prince Edward Island,145238
2016-04,Prince Edward Island,145792
2016-07,Prince Edward Island,146891
2016-10,Prince Edward Island,147699
2017-01,Prince Edward Island,147811
2017-04,Prince Edward Island,148354
2017-07,Prince Edward Island,149740
2017-10,Prince Edward Island,150595
2018-01,Prince Edward Island,150619
2018-04,Prince Edward Island,151008
2018-07,Prince Edward Island,152259
2018-10,Prince Edward Island,153906
2019-01,Prince Edward Island,153881
2019-04,Prince Edward Island,154409
2019-07,Prince Edward Island,155792
2019-10,Prince Edward Island,157025
2020-01,Prince Edward Island,157494
2020-04,Prince Edward Island,158401
2020-07,Prince Edward Island,159193
2020-10,Prince Edward Island,159179
2021-01,Prince Edward Island,159240
2021-04,Prince Edward Island,160334
2021-07,Prince Edward Island,162133
2021-10,Prince Edward Island,163728
2022-01,Prince Edward Island,164164
2022-04,Prince Edward Island,165574
2022-07,Prince Edward Island,167213
2022-10,Prince Edward Island,169032
2023-01,Prince Edward Island,170077
2023-04,Prince Edward Island,171856
2023-07,Prince Edward Island,173713
2023-10,Prince Edward Island,175871
2024-01,Prince Edward Island,176318
2024-04,Prince Edward Island,177318
2024-07,Prince Edward Island,178550
2024-10,Prince Edward Island,179301
2025-01,Prince Edward Island,179280
1980-01,Nova Scotia,850915
1980-04,Nova Scotia,851541
1980-07,Nova Scotia,852659
1980-10,Nova Scotia,853389
1981-01,Nova Scotia,853673
1981-04,Nova Scotia,854024
1981-07,Nova Scotia,854871
1981-10,Nova Scotia,857038
1982-01,Nova Scotia,857469
1982-04,Nova Scotia,857592
1982-07,Nova Scotia,859038
1982-10,Nova Scotia,862255
1983-01,Nova Scotia,864117
1983-04,Nova Scotia,865796
1983-07,Nova Scotia,868289
1983-10,Nova Scotia,872143
1984-01,Nova Scotia,874076
1984-04,Nova Scotia,875922
1984-07,Nova Scotia,877471
1984-10,Nova Scotia,881323
1985-01,Nova Scotia,883012
1985-04,Nova Scotia,884525
1985-07,Nova Scotia,885848
1985-10,Nova Scotia,887408
1986-01,Nova Scotia,887435
1986-04,Nova Scotia,888157
1986-07,Nova Scotia,889087
1986-10,Nova Scotia,891078
1987-01,Nova Scotia,891424
1987-04,Nova Scotia,891908
1987-07,Nova Scotia,893606
1987-10,Nova Scotia,894585
1988-01,Nova Scotia,894600
1988-04,Nova Scotia,895638
1988-07,Nova Scotia,897216
1988-10,Nova Scotia,899462
1989-01,Nova Scotia,900270
1989-04,Nova Scotia,901341
1989-07,Nova Scotia,903841
1989-10,Nova Scotia,906644
1990-01,Nova Scotia,907394
1990-04,Nova Scotia,908444
1990-07,Nova Scotia,910451
1990-10,Nova Scotia,911749
1991-01,Nova Scotia,912792
1991-04,Nova Scotia,912889
1991-07,Nova Scotia,914969
1991-10,Nova Scotia,916896
1992-01,Nova Scotia,917302
1992-04,Nova Scotia,917555
1992-07,Nova Scotia,919451
1992-10,Nova Scotia,921619
1993-01,Nova Scotia,922128
1993-04,Nova Scotia,922469
1993-07,Nova Scotia,923925
1993-10,Nova Scotia,925851
1994-01,Nova Scotia,925852
1994-04,Nova Scotia,926109
1994-07,Nova Scotia,926871
1994-10,Nova Scotia,927778
1995-01,Nova Scotia,927395
1995-04,Nova Scotia,927641
1995-07,Nova Scotia,928120
1995-10,Nova Scotia,930028
1996-01,Nova Scotia,929782
1996-04,Nova Scotia,929921
1996-07,Nova Scotia,931327
1996-10,Nova Scotia,932276
1997-01,Nova Scotia,932349
1997-04,Nova Scotia,931832
1997-07,Nova Scotia,932402
1997-10,Nova Scotia,932735
1998-01,Nova Scotia,932549
1998-04,Nova Scotia,932033
1998-07,Nova Scotia,931836
1998-10,Nova Scotia,932740
1999-01,Nova Scotia,932145
1999-04,Nova Scotia,932116
1999-07,Nova Scotia,933784
1999-10,Nova Scotia,935941
2000-01,Nova Scotia,934594
2000-04,Nova Scotia,934291
2000-07,Nova Scotia,933821
2000-10,Nova Scotia,934459
2001-01,Nova Scotia,933463
2001-04,Nova Scotia,932909
2001-07,Nova Scotia,932483
2001-10,Nova Scotia,933318
2002-01,Nova Scotia,933757
2002-04,Nova Scotia,934165
2002-07,Nova Scotia,935172
2002-10,Nova Scotia,935959
2003-01,Nova Scotia,935495
2003-04,Nova Scotia,935775
2003-07,Nova Scotia,937681
2003-10,Nova Scotia,938744
2004-01,Nova Scotia,938946
2004-04,Nova Scotia,938738
2004-07,Nova Scotia,939625
2004-10,Nova Scotia,939855
2005-01,Nova Scotia,939202
2005-04,Nova Scotia,937989
2005-07,Nova Scotia,937931
2005-10,Nova Scotia,938755
2006-01,Nova Scotia,938120
2006-04,Nova Scotia,937665
2006-07,Nova Scotia,937880
2006-10,Nova Scotia,937060
2007-01,Nova Scotia,936232
2007-04,Nova Scotia,935028
2007-07,Nova Scotia,935164
2007-10,Nova Scotia,935433
2008-01,Nova Scotia,935540
2008-04,Nova Scotia,935704
2008-07,Nova Scotia,935965
2008-10,Nova Scotia,937108
2009-01,Nova Scotia,937445
2009-04,Nova Scotia,937489
2009-07,Nova Scotia,938266
2009-10,Nova Scotia,940558
2010-01,Nova Scotia,940879
2010-04,Nova Scotia,940967
2010-07,Nova Scotia,942144
2010-10,Nova Scotia,944201
2011-01,Nova Scotia,944082
2011-04,Nova Scotia,943921
2011-07,Nova Scotia,944095
2011-10,Nova Scotia,944645
2012-01,Nova Scotia,943907
2012-04,Nova Scotia,943317
2012-07,Nova Scotia,943163
2012-10,Nova Scotia,942829
2013-01,Nova Scotia,942045
2013-04,Nova Scotia,940647
2013-07,Nova Scotia,939808
2013-10,Nova Scotia,939442
2014-01,Nova Scotia,939166
2014-04,Nova Scotia,938175
2014-07,Nova Scotia,937768
2014-10,Nova Scotia,938157
2015-01,Nova Scotia,937442
2015-04,Nova Scotia,935380
2015-07,Nova Scotia,937419
2015-10,Nova Scotia,938914
2016-01,Nova Scotia,938973
2016-04,Nova Scotia,940471
2016-07,Nova Scotia,942984
2016-10,Nova Scotia,946623
2017-01,Nova Scotia,947023
2017-04,Nova Scotia,948945
2017-07,Nova Scotia,952159
2017-10,Nova Scotia,956074
2018-01,Nova Scotia,956711
2018-04,Nova Scotia,957883
2018-07,Nova Scotia,962072
2018-10,Nova Scotia,967578
2019-01,Nova Scotia,968724
2019-04,Nova Scotia,970680
2019-07,Nova Scotia,975799
2019-10,Nova Scotia,982592
2020-01,Nova Scotia,984130
2020-04,Nova Scotia,986204
2020-07,Nova Scotia,989168
2020-10,Nova Scotia,989154
2021-01,Nova Scotia,990025
2021-04,Nova Scotia,993946
2021-07,Nova Scotia,999908
2021-10,Nova Scotia,1006758
2022-01,Nova Scotia,1010529
2022-04,Nova Scotia,1014733
2022-07,Nova Scotia,1025263
2022-10,Nova Scotia,1035163
2023-01,Nova Scotia,1040187
2023-04,Nova Scotia,1047129
2023-07,Nova Scotia,1056486
2023-10,Nova Scotia,1064297
2024-01,Nova Scotia,1068120
2024-04,Nova Scotia,1071498
2024-07,Nova Scotia,1076374
2024-10,Nova Scotia,1079676
2025-01,Nova Scotia,1079627
1980-01,New Brunswick,703538
1980-04,New Brunswick,704475
1980-07,New Brunswick,706219
1980-10,New Brunswick,705237
1981-01,New Brunswick,704763
1981-04,New Brunswick,705241
1981-07,New Brunswick,706438
1981-10,New Brunswick,706008
1982-01,New Brunswick,705608
1982-04,New Brunswick,706179
1982-07,New Brunswick,707457
1982-10,New Brunswick,709894
1983-01,New Brunswick,711021
1983-04,New Brunswick,712338
1983-07,New Brunswick,714842
1983-10,New Brunswick,716531
1984-01,New Brunswick,717434
1984-04,New Brunswick,718627
1984-07,New Brunswick,720488
1984-10,New Brunswick,721509
1985-01,New Brunswick,721932
1985-04,New Brunswick,722406
1985-07,New Brunswick,723287
1985-10,New Brunswick,723955
1986-01,New Brunswick,724277
1986-04,New Brunswick,724432
1986-07,New Brunswick,725019
1986-10,New Brunswick,725304
1987-01,New Brunswick,725368
1987-04,New Brunswick,726566
1987-07,New Brunswick,727768
1987-10,New Brunswick,728100
1988-01,New Brunswick,728401
1988-04,New Brunswick,729079
1988-07,New Brunswick,730349
1988-10,New Brunswick,731671
1989-01,New Brunswick,732462
1989-04,New Brunswick,733872
1989-07,New Brunswick,735129
1989-10,New Brunswick,736352
1990-01,New Brunswick,737307
1990-04,New Brunswick,738744
1990-07,New Brunswick,740156
1990-10,New Brunswick,741981
1991-01,New Brunswick,743210
1991-04,New Brunswick,744203
1991-07,New Brunswick,745567
1991-10,New Brunswick,745886
1992-01,New Brunswick,746571
1992-04,New Brunswick,747232
1992-07,New Brunswick,748121
1992-10,New Brunswick,747746
1993-01,New Brunswick,747892
1993-04,New Brunswick,748320
1993-07,New Brunswick,748812
1993-10,New Brunswick,749454
1994-01,New Brunswick,749531
1994-04,New Brunswick,749473
1994-07,New Brunswick,750185
1994-10,New Brunswick,750670
1995-01,New Brunswick,750819
1995-04,New Brunswick,750692
1995-07,New Brunswick,750943
1995-10,New Brunswick,751174
1996-01,New Brunswick,751581
1996-04,New Brunswick,751872
1996-07,New Brunswick,752268
1996-10,New Brunswick,752526
1997-01,New Brunswick,752334
1997-04,New Brunswick,752447
1997-07,New Brunswick,752511
1997-10,New Brunswick,752248
1998-01,New Brunswick,751969
1998-04,New Brunswick,751080
1998-07,New Brunswick,750530
1998-10,New Brunswick,750708
1999-01,New Brunswick,750127
1999-04,New Brunswick,750075
1999-07,New Brunswick,750601
1999-10,New Brunswick,750643
2000-01,New Brunswick,750786
2000-04,New Brunswick,750543
2000-07,New Brunswick,750517
2000-10,New Brunswick,750252
2001-01,New Brunswick,749715
2001-04,New Brunswick,749789
2001-07,New Brunswick,749823
2001-10,New Brunswick,749298
2002-01,New Brunswick,748639
2002-04,New Brunswick,748778
2002-07,New Brunswick,749375
2002-10,New Brunswick,749416
2003-01,New Brunswick,749243
2003-04,New Brunswick,749269
2003-07,New Brunswick,749444
2003-10,New Brunswick,749467
2004-01,New Brunswick,749192
2004-04,New Brunswick,749340
2004-07,New Brunswick,749424
2004-10,New Brunswick,749249
2005-01,New Brunswick,749005
2005-04,New Brunswick,748696
2005-07,New Brunswick,748061
2005-10,New Brunswick,747674
2006-01,New Brunswick,746985
2006-04,New Brunswick,746337
2006-07,New Brunswick,745621
2006-10,New Brunswick,744973
2007-01,New Brunswick,744849
2007-04,New Brunswick,744934
2007-07,New Brunswick,745430
2007-10,New Brunswick,746136
2008-01,New Brunswick,746284
2008-04,New Brunswick,746529
2008-07,New Brunswick,746875
2008-10,New Brunswick,747767
2009-01,New Brunswick,748375
2009-04,New Brunswick,749165
2009-07,New Brunswick,749956
2009-10,New Brunswick,751066
2010-01,New Brunswick,751282
2010-04,New Brunswick,752020
2010-07,New Brunswick,753034
2010-10,New Brunswick,754287
2011-01,New Brunswick,754795
2011-04,New Brunswick,754843
2011-07,New Brunswick,755590
2011-10,New Brunswick,756187
2012-01,New Brunswick,757039
2012-04,New Brunswick,757024
2012-07,New Brunswick,758121
2012-10,New Brunswick,758408
2013-01,New Brunswick,758026
2013-04,New Brunswick,757854
2013-07,New Brunswick,758261
2013-10,New Brunswick,758379
2014-01,New Brunswick,758713
2014-04,New Brunswick,758570
2014-07,New Brunswick,758657
2014-10,New Brunswick,759192
2015-01,New Brunswick,759270
2015-04,New Brunswick,758579
2015-07,New Brunswick,759226
2015-10,New Brunswick,759971
2016-01,New Brunswick,760679
2016-04,New Brunswick,762317
2016-07,New Brunswick,763322
2016-10,New Brunswick,764820
2017-01,New Brunswick,764612
2017-04,New Brunswick,764859
2017-07,New Brunswick,766697
2017-10,New Brunswick,768029
2018-01,New Brunswick,768146
2018-04,New Brunswick,768707
2018-07,New Brunswick,770497
2018-10,New Brunswick,772793
2019-01,New Brunswick,773059
2019-04,New Brunswick,774277
2019-07,New Brunswick,777387
2019-10,New Brunswick,780907
2020-01,New Brunswick,781054
2020-04,New Brunswick,782512
2020-07,New Brunswick,783432
2020-10,New Brunswick,783814
2021-01,New Brunswick,784950
2021-04,New Brunswick,787002
2021-07,New Brunswick,790802
2021-10,New Brunswick,795732
2022-01,New Brunswick,798713
2022-04,New Brunswick,801756
2022-07,New Brunswick,809264
2022-10,New Brunswick,817173
2023-01,New Brunswick,820576
2023-04,New Brunswick,825417
2023-07,New Brunswick,832190
2023-10,New Brunswick,840578
2024-01,New Brunswick,844433
2024-04,New Brunswick,849168
2024-07,New Brunswick,854355
2024-10,New Brunswick,857381
2025-01,New Brunswick,858963
1980-01,Quebec,6480428
1980-04,Quebec,6492192
1980-07,Quebec,6505997
1980-10,Quebec,6515323
1981-01,Quebec,6523258
1981-04,Quebec,6534508
1981-07,Quebec,6547207
1981-10,Quebec,6558545
1982-01,Quebec,6565745
1982-04,Quebec,6572316
1982-07,Quebec,6580631
1982-10,Quebec,6584666
1983-01,Quebec,6588636
1983-04,Quebec,6595846
1983-07,Quebec,6602976
1983-10,Quebec,6608417
1984-01,Quebec,6613628
1984-04,Quebec,6621748
1984-07,Quebec,6631220
1984-10,Quebec,6640276
1985-01,Quebec,6645778
1985-04,Quebec,6654729
1985-07,Quebec,6665802
1985-10,Quebec,6676959
1986-01,Quebec,6684699
1986-04,Quebec,6693133
1986-07,Quebec,6708170
1986-10,Quebec,6727250
1987-01,Quebec,6745101
1987-04,Quebec,6765059
1987-07,Quebec,6781984
1987-10,Quebec,6796640
1988-01,Quebec,6805203
1988-04,Quebec,6818248
1988-07,Quebec,6837077
1988-10,Quebec,6864044
1989-01,Quebec,6882602
1989-04,Quebec,6903228
1989-07,Quebec,6925128
1989-10,Quebec,6946945
1990-01,Quebec,6955119
1990-04,Quebec,6973762
1990-07,Quebec,6996986
1990-10,Quebec,7019039
1991-01,Quebec,7026241
1991-04,Quebec,7044395
1991-07,Quebec,7067396
1991-10,Quebec,7080336
1992-01,Quebec,7082645
1992-04,Quebec,7096705
1992-07,Quebec,7110010
1992-10,Quebec,7129062
1993-01,Quebec,7137514
1993-04,Quebec,7147047
1993-07,Quebec,7156537
1993-10,Quebec,7172016
1994-01,Quebec,7177923
1994-04,Quebec,7184599
1994-07,Quebec,7192403
1994-10,Quebec,7201106
1995-01,Quebec,7205074
1995-04,Quebec,7210305
1995-07,Quebec,7219219
1995-10,Quebec,7228600
1996-01,Quebec,7232952
1996-04,Quebec,7237307
1996-07,Quebec,7246897
1996-10,Quebec,7257616
1997-01,Quebec,7262945
1997-04,Quebec,7267820
1997-07,Quebec,7274611
1997-10,Quebec,7282871
1998-01,Quebec,7286008
1998-04,Quebec,7290497
1998-07,Quebec,7295935
1998-10,Quebec,7305302
1999-01,Quebec,7310238
1999-04,Quebec,7315053
1999-07,Quebec,7323250
1999-10,Quebec,7334722
2000-01,Quebec,7340269
2000-04,Quebec,7347179
2000-07,Quebec,7356951
2000-10,Quebec,7368772
2001-01,Quebec,7373978
2001-04,Quebec,7383844
2001-07,Quebec,7396014
2001-10,Quebec,7411084
2002-01,Quebec,7417456
2002-04,Quebec,7427639
2002-07,Quebec,7441305
2002-10,Quebec,7455548
2003-01,Quebec,7461162
2003-04,Quebec,7471463
2003-07,Quebec,7485488
2003-10,Quebec,7503483
2004-01,Quebec,7510218
2004-04,Quebec,7520109
2004-07,Quebec,7535483
2004-10,Quebec,7553578
2005-01,Quebec,7559576
2005-04,Quebec,7567277
2005-07,Quebec,7581467
2005-10,Quebec,7598880
2006-01,Quebec,7604228
2006-04,Quebec,7615496
2006-07,Quebec,7631901
2006-10,Quebec,7652881
2007-01,Quebec,7661201
2007-04,Quebec,7673938
2007-07,Quebec,7692400
2007-10,Quebec,7712616
2008-01,Quebec,7724885
2008-04,Quebec,7739956
2008-07,Quebec,7761614
2008-10,Quebec,7786609
2009-01,Quebec,7799271
2009-04,Quebec,7817425
2009-07,Quebec,7843915
2009-10,Quebec,7871847
2010-01,Quebec,7886127
2010-04,Quebec,7903676
2010-07,Quebec,7929479
2010-10,Quebec,7955183
2011-01,Quebec,7967270
2011-04,Quebec,7982145
2011-07,Quebec,8004736
2011-10,Quebec,8021063
2012-01,Quebec,8028516
2012-04,Quebec,8038332
2012-07,Quebec,8059752
2012-10,Quebec,8076838
2013-01,Quebec,8081006
2013-04,Quebec,8089004
2013-07,Quebec,8108825
2013-10,Quebec,8122462
2014-01,Quebec,8123138
2014-04,Quebec,8129926
2014-07,Quebec,8147535
2014-10,Quebec,8162631
2015-01,Quebec,8160176
2015-04,Quebec,8159968
2015-07,Quebec,8175743
2015-10,Quebec,8190074
2016-01,Quebec,8193831
2016-04,Quebec,8204229
2016-07,Quebec,8225036
2016-10,Quebec,8246383
2017-01,Quebec,8252179
2017-04,Quebec,8265839
2017-07,Quebec,8292832
2017-10,Quebec,8326075
2018-01,Quebec,8338883
2018-04,Quebec,8354460
2018-07,Quebec,8386951
2018-10,Quebec,8418646
2019-01,Quebec,8430363
2019-04,Quebec,8447632
2019-07,Quebec,8483186
2019-10,Quebec,8521542
2020-01,Quebec,8537376
2020-04,Quebec,8550900
2020-07,Quebec,8551095
2020-10,Quebec,8551865
2021-01,Quebec,8550561
2021-04,Quebec,8556015
2021-07,Quebec,8572020
2021-10,Quebec,8603995
2022-01,Quebec,8616610
2022-04,Quebec,8630541
2022-07,Quebec,8673184
2022-10,Quebec,8727339
2023-01,Quebec,8762928
2023-04,Quebec,8796788
2023-07,Quebec,8848020
2023-10,Quebec,8918906
2024-01,Quebec,8956326
2024-04,Quebec,9003338
2024-07,Quebec,9056044
2024-10,Quebec,9100249
2025-01,Quebec,9111629
1980-01,Ontario,8693157
1980-04,Ontario,8715218
1980-07,Ontario,8746013
1980-10,Ontario,8757388
1981-01,Ontario,8770591
1981-04,Ontario,8787156
1981-07,Ontario,8812286
1981-10,Ontario,8846005
1982-01,Ontario,8865774
1982-04,Ontario,8892646
1982-07,Ontario,8920288
1982-10,Ontario,8957042
1983-01,Ontario,8982933
1983-04,Ontario,9010994
1983-07,Ontario,9039564
1983-10,Ontario,9074145
1984-01,Ontario,9100590
1984-04,Ontario,9129833
1984-07,Ontario,9167484
1984-10,Ontario,9210346
1985-01,Ontario,9230294
1985-04,Ontario,9256175
1985-07,Ontario,9294657
1985-10,Ontario,9338435
1986-01,Ontario,9362036
1986-04,Ontario,9391784
1986-07,Ontario,9437359
1986-10,Ontario,9493289
1987-01,Ontario,9531478
1987-04,Ontario,9577947
1987-07,Ontario,9637945
1987-10,Ontario,9702789
1988-01,Ontario,9735171
1988-04,Ontario,9774964
1988-07,Ontario,9838620
1988-10,Ontario,9917210
1989-01,Ontario,9969308
1989-04,Ontario,10031922
1989-07,Ontario,10103305
1989-10,Ontario,10167642
1990-01,Ontario,10189985
1990-04,Ontario,10238884
1990-07,Ontario,10295832
1990-10,Ontario,10344678
1991-01,Ontario,10355101
1991-04,Ontario,10385937
1991-07,Ontario,10431316
1991-10,Ontario,10465562
1992-01,Ontario,10488022
1992-04,Ontario,10528346
1992-07,Ontario,10572205
1992-10,Ontario,10610665
1993-01,Ontario,10629994
1993-04,Ontario,10656924
1993-07,Ontario,10690038
1993-10,Ontario,10728737
1994-01,Ontario,10744762
1994-04,Ontario,10776819
1994-07,Ontario,10819146
1994-10,Ontario,10860406
1995-01,Ontario,10875308
1995-04,Ontario,10906895
1995-07,Ontario,10950119
1995-10,Ontario,10993416
1996-01,Ontario,11009307
1996-04,Ontario,11037392
1996-07,Ontario,11082903
1996-10,Ontario,11130574
1997-01,Ontario,11146270
1997-04,Ontario,11179959
1997-07,Ontario,11227651
1997-10,Ontario,11278893
1998-01,Ontario,11292059
1998-04,Ontario,11322038
1998-07,Ontario,11365901
1998-10,Ontario,11408804
1999-01,Ontario,11419589
1999-04,Ontario,11452857
1999-07,Ontario,11504759
1999-10,Ontario,11559464
2000-01,Ontario,11576994
2000-04,Ontario,11621255
2000-07,Ontario,11683290
2000-10,Ontario,11748348
2001-01,Ontario,11771945
2001-04,Ontario,11827345
2001-07,Ontario,11897473
2001-10,Ontario,11961546
2002-01,Ontario,11979906
2002-04,Ontario,12029818
2002-07,Ontario,12093412
2002-10,Ontario,12145100
2003-01,Ontario,12155691
2003-04,Ontario,12194269
2003-07,Ontario,12243641
2003-10,Ontario,12290116
2004-01,Ontario,12303516
2004-04,Ontario,12339813
2004-07,Ontario,12389641
2004-10,Ontario,12435931
2005-01,Ontario,12444755
2005-04,Ontario,12476560
2005-07,Ontario,12527581
2005-10,Ontario,12578240
2006-01,Ontario,12587149
2006-04,Ontario,12618321
2006-07,Ontario,12661953
2006-10,Ontario,12701324
2007-01,Ontario,12703327
2007-04,Ontario,12727090
2007-07,Ontario,12765133
2007-10,Ontario,12807497
2008-01,Ontario,12814686
2008-04,Ontario,12840482
2008-07,Ontario,12883824
2008-10,Ontario,12927520
2009-01,Ontario,12932742
2009-04,Ontario,12956924
2009-07,Ontario,12998941
2009-10,Ontario,13048442
2010-01,Ontario,13059426
2010-04,Ontario,13088924
2010-07,Ontario,13136481
2010-10,Ontario,13189987
2011-01,Ontario,13199081
2011-04,Ontario,13222146
2011-07,Ontario,13262345
2011-10,Ontario,13310604
2012-01,Ontario,13325337
2012-04,Ontario,13350123
2012-07,Ontario,13392364
2012-10,Ontario,13436625
2013-01,Ontario,13446276
2013-04,Ontario,13469151
2013-07,Ontario,13511902
2013-10,Ontario,13559499
2014-01,Ontario,13563311
2014-04,Ontario,13583220
2014-07,Ontario,13617763
2014-10,Ontario,13661282
2015-01,Ontario,13657423
2015-04,Ontario,13669290
2015-07,Ontario,13709293
2015-10,Ontario,13759762
2016-01,Ontario,13774364
2016-04,Ontario,13816652
2016-07,Ontario,13876500
2016-10,Ontario,13948180
2017-01,Ontario,13975516
2017-04,Ontario,14012209
2017-07,Ontario,14078499
2017-10,Ontario,14161084
2018-01,Ontario,14199811
2018-04,Ontario,14251136
2018-07,Ontario,14326746
2018-10,Ontario,14413055
2019-01,Ontario,14449986
2019-04,Ontario,14493612
2019-07,Ontario,14573565
2019-10,Ontario,14666727
2020-01,Ontario,14718155
2020-04,Ontario,14752374
2020-07,Ontario,14761811
2020-10,Ontario,14757582
2021-01,Ontario,14772726
2021-04,Ontario,14808093
2021-07,Ontario,14842488
2021-10,Ontario,14938314
2022-01,Ontario,14995433
2022-04,Ontario,15042458
2022-07,Ontario,15141455
2022-10,Ontario,15289550
2023-01,Ontario,15402095
2023-04,Ontario,15478287
2023-07,Ontario,15623207
2023-10,Ontario,15818465
2024-01,Ontario,15944379
2024-04,Ontario,16033583
2024-07,Ontario,16124116
2024-10,Ontario,16171802
2025-01,Ontario,16182641
1980-01,Manitoba,1033557
1980-04,Manitoba,1033985
1980-07,Manitoba,1034435
1980-10,Manitoba,1034017
1981-01,Manitoba,1033968
1981-04,Manitoba,1034805
1981-07,Manitoba,1035545
1981-10,Manitoba,1037183
1982-01,Manitoba,1039300
1982-04,Manitoba,1042251
1982-07,Manitoba,1045224
1982-10,Manitoba,1049816
1983-01,Manitoba,1052538
1983-04,Manitoba,1055586
1983-07,Manitoba,1059752
1983-10,Manitoba,1063952
1984-01,Manitoba,1066222
1984-04,Manitoba,1069201
1984-07,Manitoba,1071810
1984-10,Manitoba,1075088
1985-01,Manitoba,1078327
1985-04,Manitoba,1081013
1985-07,Manitoba,1082495
1985-10,Manitoba,1085016
1986-01,Manitoba,1087851
1986-04,Manitoba,1090433
1986-07,Manitoba,1091552
1986-10,Manitoba,1092636
1987-01,Manitoba,1094659
1987-04,Manitoba,1097076
1987-07,Manitoba,1098373
1987-10,Manitoba,1098195
1988-01,Manitoba,1099782
1988-04,Manitoba,1101404
1988-07,Manitoba,1102152
1988-10,Manitoba,1101074
1989-01,Manitoba,1101544
1989-04,Manitoba,1102669
1989-07,Manitoba,1103792
1989-10,Manitoba,1102522
1990-01,Manitoba,1102752
1990-04,Manitoba,1103935
1990-07,Manitoba,1105421
1990-10,Manitoba,1105098
1991-01,Manitoba,1106196
1991-04,Manitoba,1107757
1991-07,Manitoba,1109604
1991-10,Manitoba,1109400
1992-01,Manitoba,1109978
1992-04,Manitoba,1111050
1992-07,Manitoba,1112689
1992-10,Manitoba,1113209
1993-01,Manitoba,1114180
1993-04,Manitoba,1115554
1993-07,Manitoba,1117618
1993-10,Manitoba,1118603
1994-01,Manitoba,1119284
1994-04,Manitoba,1120863
1994-07,Manitoba,1123230
1994-10,Manitoba,1124263
1995-01,Manitoba,1124947
1995-04,Manitoba,1127234
1995-07,Manitoba,1129150
1995-10,Manitoba,1129547
1996-01,Manitoba,1130288
1996-04,Manitoba,1132025
1996-07,Manitoba,1134196
1996-10,Manitoba,1134619
1997-01,Manitoba,1134997
1997-04,Manitoba,1135846
1997-07,Manitoba,1136128
1997-10,Manitoba,1135649
1998-01,Manitoba,1135770
1998-04,Manitoba,1136177
1998-07,Manitoba,1137489
1998-10,Manitoba,1138328
1999-01,Manitoba,1138946
1999-04,Manitoba,1140502
1999-07,Manitoba,1142448
1999-10,Manitoba,1143618
2000-01,Manitoba,1144428
2000-04,Manitoba,1145873
2000-07,Manitoba,1147313
2000-10,Manitoba,1148183
2001-01,Manitoba,1148456
2001-04,Manitoba,1149684
2001-07,Manitoba,1151451
2001-10,Manitoba,1152144
2002-01,Manitoba,1152828
2002-04,Manitoba,1154728
2002-07,Manitoba,1156673
2002-10,Manitoba,1157289
2003-01,Manitoba,1158358
2003-04,Manitoba,1160853
2003-07,Manitoba,1163585
2003-10,Manitoba,1165518
2004-01,Manitoba,1167643
2004-04,Manitoba,1170336
2004-07,Manitoba,1173228
2004-10,Manitoba,1174667
2005-01,Manitoba,1176047
2005-04,Manitoba,1177285
2005-07,Manitoba,1178262
2005-10,Manitoba,1179082
2006-01,Manitoba,1179916
2006-04,Manitoba,1181632
2006-07,Manitoba,1183560
2006-10,Manitoba,1183975
2007-01,Manitoba,1184495
2007-04,Manitoba,1186421
2007-07,Manitoba,1189446
2007-10,Manitoba,1191684
2008-01,Manitoba,1193396
2008-04,Manitoba,1194653
2008-07,Manitoba,1197767
2008-10,Manitoba,1199551
2009-01,Manitoba,1201705
2009-04,Manitoba,1204013
2009-07,Manitoba,1208555
2009-10,Manitoba,1211881
2010-01,Manitoba,1213941
2010-04,Manitoba,1216618
2010-07,Manitoba,1220782
2010-10,Manitoba,1224663
2011-01,Manitoba,1227210
2011-04,Manitoba,1229058
2011-07,Manitoba,1233353
2011-10,Manitoba,1237390
2012-01,Manitoba,1241417
2012-04,Manitoba,1244884
2012-07,Manitoba,1249094
2012-10,Manitoba,1253210
2013-01,Manitoba,1256879
2013-04,Manitoba,1259693
2013-07,Manitoba,1263393
2013-10,Manitoba,1267105
2014-01,Manitoba,1270153
2014-04,Manitoba,1272914
2014-07,Manitoba,1277425
2014-10,Manitoba,1281690
2015-01,Manitoba,1284693
2015-04,Manitoba,1286250
2015-07,Manitoba,1293598
2015-10,Manitoba,1298120
2016-01,Manitoba,1302938
2016-04,Manitoba,1307797
2016-07,Manitoba,1314140
2016-10,Manitoba,1319800
2017-01,Manitoba,1324044
2017-04,Manitoba,1328337
2017-07,Manitoba,1334734
2017-10,Manitoba,1340426
2018-01,Manitoba,1344198
2018-04,Manitoba,1346916
2018-07,Manitoba,1352687
2018-10,Manitoba,1357856
2019-01,Manitoba,1361737
2019-04,Manitoba,1364666
2019-07,Manitoba,1370033
2019-10,Manitoba,1373884
2020-01,Manitoba,1377283
2020-04,Manitoba,1379280
2020-07,Manitoba,1380132
2020-10,Manitoba,1381809
2021-01,Manitoba,1383854
2021-04,Manitoba,1388611
2021-07,Manitoba,1391924
2021-10,Manitoba,1396162
2022-01,Manitoba,1399970
2022-04,Manitoba,1404199
2022-07,Manitoba,1412568
2022-10,Manitoba,1423465
2023-01,Manitoba,1432984
2023-04,Manitoba,1444025
2023-07,Manitoba,1454743
2023-10,Manitoba,1465035
2024-01,Manitoba,1475046
2024-04,Manitoba,1485955
2024-07,Manitoba,1494301
2024-10,Manitoba,1499981
2025-01,Manitoba,1504023
1980-01,Saskatchewan,963231
1980-04,Saskatchewan,965215
1980-07,Saskatchewan,967548
1980-10,Saskatchewan,970183
1981-01,Saskatchewan,971544
1981-04,Saskatchewan,973372
1981-07,Saskatchewan,975759
1981-10,Saskatchewan,979469
1982-01,Saskatchewan,981559
1982-04,Saskatchewan,983744
1982-07,Saskatchewan,986582
1982-10,Saskatchewan,991621
1983-01,Saskatchewan,993810
1983-04,Saskatchewan,997100
1983-07,Saskatchewan,1001249
1983-10,Saskatchewan,1005175
1984-01,Saskatchewan,1007484
1984-04,Saskatchewan,1010840
1984-07,Saskatchewan,1014615
1984-10,Saskatchewan,1018785
1985-01,Saskatchewan,1020040
1985-04,Saskatchewan,1021914
1985-07,Saskatchewan,1024928
1985-10,Saskatchewan,1027418
1986-01,Saskatchewan,1027137
1986-04,Saskatchewan,1027812
1986-07,Saskatchewan,1028717
1986-10,Saskatchewan,1029554
1987-01,Saskatchewan,1029639
1987-04,Saskatchewan,1031336
1987-07,Saskatchewan,1032799
1987-10,Saskatchewan,1031995
1988-01,Saskatchewan,1029527
1988-04,Saskatchewan,1028590
1988-07,Saskatchewan,1028225
1988-10,Saskatchewan,1025453
1989-01,Saskatchewan,1021497
1989-04,Saskatchewan,1020302
1989-07,Saskatchewan,1019439
1989-10,Saskatchewan,1016043
1990-01,Saskatchewan,1011429
1990-04,Saskatchewan,1009952
1990-07,Saskatchewan,1007727
1990-10,Saskatchewan,1004214
1991-01,Saskatchewan,1002651
1991-04,Saskatchewan,1002876
1991-07,Saskatchewan,1002713
1991-10,Saskatchewan,1000942
1992-01,Saskatchewan,1001136
1992-04,Saskatchewan,1002831
1992-07,Saskatchewan,1003995
1992-10,Saskatchewan,1002960
1993-01,Saskatchewan,1003443
1993-04,Saskatchewan,1005037
1993-07,Saskatchewan,1006900
1993-10,Saskatchewan,1007016
1994-01,Saskatchewan,1007554
1994-04,Saskatchewan,1008540
1994-07,Saskatchewan,1009575
1994-10,Saskatchewan,1010784
1995-01,Saskatchewan,1011784
1995-04,Saskatchewan,1012795
1995-07,Saskatchewan,1014187
1995-10,Saskatchewan,1015349
1996-01,Saskatchewan,1016198
1996-04,Saskatchewan,1017872
1996-07,Saskatchewan,1018945
1996-10,Saskatchewan,1019408
1997-01,Saskatchewan,1018326
1997-04,Saskatchewan,1017683
1997-07,Saskatchewan,1017902
1997-10,Saskatchewan,1017426
1998-01,Saskatchewan,1017504
1998-04,Saskatchewan,1017105
1998-07,Saskatchewan,1017332
1998-10,Saskatchewan,1017748
1999-01,Saskatchewan,1016883
1999-04,Saskatchewan,1015716
1999-07,Saskatchewan,1014524
1999-10,Saskatchewan,1012582
2000-01,Saskatchewan,1011141
2000-04,Saskatchewan,1009177
2000-07,Saskatchewan,1007565
2000-10,Saskatchewan,1006027
2001-01,Saskatchewan,1003469
2001-04,Saskatchewan,1001643
2001-07,Saskatchewan,1000307
2001-10,Saskatchewan,999241
2002-01,Saskatchewan,998742
2002-04,Saskatchewan,997792
2002-07,Saskatchewan,996854
2002-10,Saskatchewan,996324
2003-01,Saskatchewan,996286
2003-04,Saskatchewan,995785
2003-07,Saskatchewan,996422
2003-10,Saskatchewan,996585
2004-01,Saskatchewan,996586
2004-04,Saskatchewan,997106
2004-07,Saskatchewan,997305
2004-10,Saskatchewan,997010
2005-01,Saskatchewan,995914
2005-04,Saskatchewan,994902
2005-07,Saskatchewan,993510
2005-10,Saskatchewan,993299
2006-01,Saskatchewan,992246
2006-04,Saskatchewan,991231
2006-07,Saskatchewan,992313
2006-10,Saskatchewan,993359
2007-01,Saskatchewan,995170
2007-04,Saskatchewan,997541
2007-07,Saskatchewan,1002074
2007-10,Saskatchewan,1007305
2008-01,Saskatchewan,1010279
2008-04,Saskatchewan,1013449
2008-07,Saskatchewan,1017368
2008-10,Saskatchewan,1022511
2009-01,Saskatchewan,1025946
2009-04,Saskatchewan,1029862
2009-07,Saskatchewan,1034791
2009-10,Saskatchewan,1039530
2010-01,Saskatchewan,1042936
2010-04,Saskatchewan,1046779
2010-07,Saskatchewan,1051426
2010-10,Saskatchewan,1056102
2011-01,Saskatchewan,1058969
2011-04,Saskatchewan,1061484
2011-07,Saskatchewan,1065661
2011-10,Saskatchewan,1069950
2012-01,Saskatchewan,1073565
2012-04,Saskatchewan,1077170
2012-07,Saskatchewan,1083005
2012-10,Saskatchewan,1088177
2013-01,Saskatchewan,1090738
2013-04,Saskatchewan,1093549
2013-07,Saskatchewan,1098868
2013-10,Saskatchewan,1102832
2014-01,Saskatchewan,1105444
2014-04,Saskatchewan,1108674
2014-07,Saskatchewan,1111989
2014-10,Saskatchewan,1115184
2015-01,Saskatchewan,1117137
2015-04,Saskatchewan,1117736
2015-07,Saskatchewan,1122210
2015-10,Saskatchewan,1125588
2016-01,Saskatchewan,1128160
2016-04,Saskatchewan,1131285
2016-07,Saskatchewan,1135496
2016-10,Saskatchewan,1139492
2017-01,Saskatchewan,1141537
2017-04,Saskatchewan,1143829
2017-07,Saskatchewan,1147315
2017-10,Saskatchewan,1151044
2018-01,Saskatchewan,1152366
2018-04,Saskatchewan,1153530
2018-07,Saskatchewan,1156210
2018-10,Saskatchewan,1159648
2019-01,Saskatchewan,1161529
2019-04,Saskatchewan,1161787
2019-07,Saskatchewan,1164223
2019-10,Saskatchewan,1167271
2020-01,Saskatchewan,1169426
2020-04,Saskatchewan,1169038
2020-07,Saskatchewan,1167386
2020-10,Saskatchewan,1165963
2021-01,Saskatchewan,1166348
2021-04,Saskatchewan,1167711
2021-07,Saskatchewan,1167711
2021-10,Saskatchewan,1168792
2022-01,Saskatchewan,1171007
2022-04,Saskatchewan,1173421
2022-07,Saskatchewan,1178455
2022-10,Saskatchewan,1187854
2023-01,Saskatchewan,1195464
2023-04,Saskatchewan,1201089
2023-07,Saskatchewan,1209307
2023-10,Saskatchewan,1219702
2024-01,Saskatchewan,1226848
2024-04,Saskatchewan,1233068
2024-07,Saskatchewan,1239865
2024-10,Saskatchewan,1246691
2025-01,Saskatchewan,1250909
1980-01,Alberta,2149996
1980-04,Alberta,2168863
1980-07,Alberta,2191029
1980-10,Alberta,2227159
1981-01,Alberta,2249907
1981-04,Alberta,2270227
1981-07,Alberta,2291104
1981-10,Alberta,2319715
1982-01,Alberta,2337458
1982-04,Alberta,2352042
1982-07,Alberta,2369827
1982-10,Alberta,2378405
1983-01,Alberta,2383354
1983-04,Alberta,2388090
1983-07,Alberta,2393587
1983-10,Alberta,2394239
1984-01,Alberta,2394892
1984-04,Alberta,2396706
1984-07,Alberta,2393907
1984-10,Alberta,2390913
1985-01,Alberta,2395813
1985-04,Alberta,2401499
1985-07,Alberta,2404490
1985-10,Alberta,2407001
1986-01,Alberta,2415590
1986-04,Alberta,2424950
1986-07,Alberta,2432930
1986-10,Alberta,2429949
1987-01,Alberta,2432958
1987-04,Alberta,2439074
1987-07,Alberta,2440877
1987-10,Alberta,2437537
1988-01,Alberta,2443396
1988-04,Alberta,2450646
1988-07,Alberta,2456614
1988-10,Alberta,2465242
1989-01,Alberta,2477533
1989-04,Alberta,2489032
1989-07,Alberta,2498325
1989-10,Alberta,2507203
1990-01,Alberta,2520056
1990-04,Alberta,2532621
1990-07,Alberta,2547788
1990-10,Alberta,2563142
1991-01,Alberta,2572947
1991-04,Alberta,2580625
1991-07,Alberta,2592306
1991-10,Alberta,2604031
1992-01,Alberta,2611786
1992-04,Alberta,2620771
1992-07,Alberta,2632672
1992-10,Alberta,2643421
1993-01,Alberta,2650886
1993-04,Alberta,2658293
1993-07,Alberta,2667292
1993-10,Alberta,2678623
1994-01,Alberta,2683346
1994-04,Alberta,2691443
1994-07,Alberta,2700606
1994-10,Alberta,2709011
1995-01,Alberta,2715701
1995-04,Alberta,2724946
1995-07,Alberta,2734519
1995-10,Alberta,2745255
1996-01,Alberta,2753463
1996-04,Alberta,2762903
1996-07,Alberta,2775133
1996-10,Alberta,2789691
1997-01,Alberta,2799561
1997-04,Alberta,2813157
1997-07,Alberta,2829848
1997-10,Alberta,2847526
1998-01,Alberta,2859305
1998-04,Alberta,2876753
1998-07,Alberta,2899066
1998-10,Alberta,2915781
1999-01,Alberta,2926079
1999-04,Alberta,2937393
1999-07,Alberta,2952692
1999-10,Alberta,2966682
2000-01,Alberta,2974517
2000-04,Alberta,2988465
2000-07,Alberta,3004198
2000-10,Alberta,3016947
2001-01,Alberta,3027941
2001-04,Alberta,3041238
2001-07,Alberta,3058554
2001-10,Alberta,3078756
2002-01,Alberta,3092506
2002-04,Alberta,3108716
2002-07,Alberta,3128757
2002-10,Alberta,3145227
2003-01,Alberta,3155370
2003-04,Alberta,3169295
2003-07,Alberta,3183291
2003-10,Alberta,3198059
2004-01,Alberta,3209557
2004-04,Alberta,3223659
2004-07,Alberta,3238817
2004-10,Alberta,3260721
2005-01,Alberta,3276908
2005-04,Alberta,3296359
2005-07,Alberta,3321839
2005-10,Alberta,3346802
2006-01,Alberta,3371851
2006-04,Alberta,3396809
2006-07,Alberta,3421435
2006-10,Alberta,3453945
2007-01,Alberta,3472779
2007-04,Alberta,3490849
2007-07,Alberta,3514151
2007-10,Alberta,3533414
2008-01,Alberta,3548804
2008-04,Alberta,3567475
2008-07,Alberta,3595875
2008-10,Alberta,3619319
2009-01,Alberta,3638505
2009-04,Alberta,3659235
2009-07,Alberta,3679010
2009-10,Alberta,3694318
2010-01,Alberta,3702290
2010-04,Alberta,3714999
2010-07,Alberta,3732104
2010-10,Alberta,3747235
2011-01,Alberta,3754422
2011-04,Alberta,3768774
2011-07,Alberta,3787705
2011-10,Alberta,3805071
2012-01,Alberta,3822425
2012-04,Alberta,3845093
2012-07,Alberta,3871947
2012-10,Alberta,3897746
2013-01,Alberta,3917941
2013-04,Alberta,3944281
2013-07,Alberta,3978532
2013-10,Alberta,4008421
2014-01,Alberta,4027497
2014-04,Alberta,4051858
2014-07,Alberta,4081271
2014-10,Alberta,4103702
2015-01,Alberta,4113697
2015-04,Alberta,4125943
2015-07,Alberta,4150147
2015-10,Alberta,4163048
2016-01,Alberta,4171847
2016-04,Alberta,4182353
2016-07,Alberta,4195427
2016-10,Alberta,4207139
2017-01,Alberta,4215506
2017-04,Alberta,4224933
2017-07,Alberta,4237310
2017-10,Alberta,4253530
2018-01,Alberta,4263957
2018-04,Alberta,4276444
2018-07,Alberta,4292556
2018-10,Alberta,4311439
2019-01,Alberta,4324254
2019-04,Alberta,4337569
2019-07,Alberta,4355377
2019-10,Alberta,4376860
2020-01,Alberta,4392958
2020-04,Alberta,4405455
2020-07,Alberta,4407495
2020-10,Alberta,4412013
2021-01,Alberta,4418338
2021-04,Alberta,4425617
2021-07,Alberta,4431531
2021-10,Alberta,4449956
2022-01,Alberta,4465137
2022-04,Alberta,4480389
2022-07,Alberta,4510747
2022-10,Alberta,4558643
2023-01,Alberta,4595851
2023-04,Alberta,4639399
2023-07,Alberta,4684514
2023-10,Alberta,4744897
2024-01,Alberta,4791876
2024-04,Alberta,4842523
2024-07,Alberta,4888723
2024-10,Alberta,4931601
2025-01,Alberta,4960097
1980-01,British Columbia,2707690
1980-04,British Columbia,2722921
1980-07,British Columbia,2745861
1980-10,British Columbia,2773680
1981-01,British Columbia,2790754
1981-04,British Columbia,2805394
1981-07,British Columbia,2826558
1981-10,British Columbia,2845212
1982-01,British Columbia,2857268
1982-04,British Columbia,2865557
1982-07,British Columbia,2876513
1982-10,British Columbia,2885875
1983-01,British Columbia,2891441
1983-04,British Columbia,2898574
1983-07,British Columbia,2907502
1983-10,British Columbia,2919166
1984-01,British Columbia,2927258
1984-04,British Columbia,2935384
1984-07,British Columbia,2947181
1984-10,British Columbia,2956332
1985-01,British Columbia,2962108
1985-04,British Columbia,2967584
1985-07,British Columbia,2975131
1985-10,British Columbia,2984237
1986-01,British Columbia,2988964
1986-04,British Columbia,2994267
1986-07,British Columbia,3003621
1986-10,British Columbia,3015876
1987-01,British Columbia,3021900
1987-04,British Columbia,3032807
1987-07,British Columbia,3048651
1987-10,British Columbia,3068995
1988-01,British Columbia,3081368
1988-04,British Columbia,3094274
1988-07,British Columbia,3114761
1988-10,British Columbia,3141854
1989-01,British Columbia,3158092
1989-04,British Columbia,3174623
1989-07,British Columbia,3196725
1989-10,British Columbia,3229220
1990-01,British Columbia,3247419
1990-04,British Columbia,3266888
1990-07,British Columbia,3292111
1990-10,British Columbia,3322896
1991-01,British Columbia,3339935
1991-04,British Columbia,3352585
1991-07,British Columbia,3373787
1991-10,British Columbia,3404049
1992-01,British Columbia,3423217
1992-04,British Columbia,3443237
1992-07,British Columbia,3468802
1992-10,British Columbia,3502209
1993-01,British Columbia,3522509
1993-04,British Columbia,3541936
1993-07,British Columbia,3567772
1993-10,British Columbia,3601746
1994-01,British Columbia,3623717
1994-04,British Columbia,3646632
1994-07,British Columbia,3676075
1994-10,British Columbia,3711468
1995-01,British Columbia,3730564
1995-04,British Columbia,3751377
1995-07,British Columbia,3777390
1995-10,British Columbia,3805461
1996-01,British Columbia,3826739
1996-04,British Columbia,3849847
1996-07,British Columbia,3874317
1996-10,British Columbia,3899256
1997-01,British Columbia,3914490
1997-04,British Columbia,3931056
1997-07,British Columbia,3948583
1997-10,British Columbia,3964677
1998-01,British Columbia,3972821
1998-04,British Columbia,3977912
1998-07,British Columbia,3983113
1998-10,British Columbia,3990451
1999-01,British Columbia,3995643
1999-04,British Columbia,4002433
1999-07,British Columbia,4011375
1999-10,British Columbia,4021600
2000-01,British Columbia,4026664
2000-04,British Columbia,4033319
2000-07,British Columbia,4039230
2000-10,British Columbia,4049297
2001-01,British Columbia,4055229
2001-04,British Columbia,4066132
2001-07,British Columbia,4076896
2001-10,British Columbia,4085595
2002-01,British Columbia,4087124
2002-04,British Columbia,4094170
2002-07,British Columbia,4100504
2002-10,British Columbia,4108351
2003-01,British Columbia,4110197
2003-04,British Columbia,4114884
2003-07,British Columbia,4124447
2003-10,British Columbia,4134598
2004-01,British Columbia,4139895
2004-04,British Columbia,4145916
2004-07,British Columbia,4155630
2004-10,British Columbia,4167802
2005-01,British Columbia,4174017
2005-04,British Columbia,4182971
2005-07,British Columbia,4196076
2005-10,British Columbia,4212674
2006-01,British Columbia,4217956
2006-04,British Columbia,4227980
2006-07,British Columbia,4241793
2006-10,British Columbia,4258653
2007-01,British Columbia,4265328
2007-04,British Columbia,4276745
2007-07,British Columbia,4290987
2007-10,British Columbia,4312048
2008-01,British Columbia,4319657
2008-04,British Columbia,4331706
2008-07,British Columbia,4349338
2008-10,British Columbia,4371128
2009-01,British Columbia,4381832
2009-04,British Columbia,4395197
2009-07,British Columbia,4410513
2009-10,British Columbia,4431587
2010-01,British Columbia,4441345
2010-04,British Columbia,4453756
2010-07,British Columbia,4465557
2010-10,British Columbia,4483613
2011-01,British Columbia,4482262
2011-04,British Columbia,4488509
2011-07,British Columbia,4503819
2011-10,British Columbia,4529186
2012-01,British Columbia,4539775
2012-04,British Columbia,4552320
2012-07,British Columbia,4570866
2012-10,British Columbia,4594846
2013-01,British Columbia,4602742
2013-04,British Columbia,4616335
2013-07,British Columbia,4634943
2013-10,British Columbia,4663919
2014-01,British Columbia,4672025
2014-04,British Columbia,4689892
2014-07,British Columbia,4712691
2014-10,British Columbia,4743505
2015-01,British Columbia,4751439
2015-04,British Columbia,4763917
2015-07,British Columbia,4765472
2015-10,British Columbia,4795547
2016-01,British Columbia,4807562
2016-04,British Columbia,4831042
2016-07,British Columbia,4861269
2016-10,British Columbia,4886638
2017-01,British Columbia,4894147
2017-04,British Columbia,4908971
2017-07,British Columbia,4934202
2017-10,British Columbia,4962706
2018-01,British Columbia,4974712
2018-04,British Columbia,4991716
2018-07,British Columbia,5020979
2018-10,British Columbia,5052131
2019-01,British Columbia,5061132
2019-04,British Columbia,5080515
2019-07,British Columbia,5111022
2019-10,British Columbia,5148047
2020-01,British Columbia,5157053
2020-04,British Columbia,5169535
2020-07,British Columbia,5176101
2020-10,British Columbia,5173896
2021-01,British Columbia,5180015
2021-04,British Columbia,5200393
2021-07,British Columbia,5226665
2021-10,British Columbia,5267182
2022-01,British Columbia,5287422
2022-04,British Columbia,5311608
2022-07,British Columbia,5357486
2022-10,British Columbia,5408601
2023-01,British Columbia,5443002
2023-04,British Columbia,5478258
2023-07,British Columbia,5531553
2023-10,British Columbia,5593961
2024-01,British Columbia,5627961
2024-04,British Columbia,5666888
2024-07,British Columbia,5698430
2024-10,British Columbia,5719594
2025-01,British Columbia,5722318
1980-01,Yukon,22834
1980-04,Yukon,22876
1980-07,Yukon,23019
1980-10,Yukon,23380
1981-01,Yukon,23311
1981-04,Yukon,23517
1981-07,Yukon,23880
1981-10,Yukon,24120
1982-01,Yukon,24302
1982-04,Yukon,24571
1982-07,Yukon,24668
1982-10,Yukon,24320
1983-01,Yukon,23838
1983-04,Yukon,23702
1983-07,Yukon,23664
1983-10,Yukon,23760
1984-01,Yukon,23544
1984-04,Yukon,23603
1984-07,Yukon,23921
1984-10,Yukon,24168
1985-01,Yukon,24156
1985-04,Yukon,24245
1985-07,Yukon,24375
1985-10,Yukon,24458
1986-01,Yukon,24359
1986-04,Yukon,24364
1986-07,Yukon,24430
1986-10,Yukon,24782
1987-01,Yukon,25125
1987-04,Yukon,25386
1987-07,Yukon,25706
1987-10,Yukon,25808
1988-01,Yukon,25902
1988-04,Yukon,26335
1988-07,Yukon,26653
1988-10,Yukon,26582
1989-01,Yukon,26898
1989-04,Yukon,27053
1989-07,Yukon,27167
1989-10,Yukon,27197
1990-01,Yukon,27605
1990-04,Yukon,27824
1990-07,Yukon,27957
1990-10,Yukon,28023
1991-01,Yukon,28223
1991-04,Yukon,28494
1991-07,Yukon,28871
1991-10,Yukon,29142
1992-01,Yukon,29239
1992-04,Yukon,29510
1992-07,Yukon,30084
1992-10,Yukon,30034
1993-01,Yukon,29964
1993-04,Yukon,30112
1993-07,Yukon,30337
1993-10,Yukon,30016
1994-01,Yukon,29670
1994-04,Yukon,29682
1994-07,Yukon,29684
1994-10,Yukon,29606
1995-01,Yukon,29882
1995-04,Yukon,30143
1995-07,Yukon,30442
1995-10,Yukon,30875
1996-01,Yukon,30963
1996-04,Yukon,31142
1996-07,Yukon,31387
1996-10,Yukon,31596
1997-01,Yukon,31633
1997-04,Yukon,31659
1997-07,Yukon,31797
1997-10,Yukon,31556
1998-01,Yukon,31510
1998-04,Yukon,31320
1998-07,Yukon,31149
1998-10,Yukon,30877
1999-01,Yukon,30748
1999-04,Yukon,30602
1999-07,Yukon,30785
1999-10,Yukon,30608
2000-01,Yukon,30495
2000-04,Yukon,30382
2000-07,Yukon,30431
2000-10,Yukon,30294
2001-01,Yukon,30147
2001-04,Yukon,30124
2001-07,Yukon,30160
2001-10,Yukon,30079
2002-01,Yukon,30156
2002-04,Yukon,30144
2002-07,Yukon,30339
2002-10,Yukon,30268
2003-01,Yukon,30424
2003-04,Yukon,30575
2003-07,Yukon,30943
2003-10,Yukon,31219
2004-01,Yukon,31320
2004-04,Yukon,31400
2004-07,Yukon,31455
2004-10,Yukon,31688
2005-01,Yukon,31770
2005-04,Yukon,31861
2005-07,Yukon,31901
2005-10,Yukon,32127
2006-01,Yukon,32112
2006-04,Yukon,32152
2006-07,Yukon,32272
2006-10,Yukon,32361
2007-01,Yukon,32316
2007-04,Yukon,32274
2007-07,Yukon,32555
2007-10,Yukon,32663
2008-01,Yukon,32752
2008-04,Yukon,32955
2008-07,Yukon,33084
2008-10,Yukon,33307
2009-01,Yukon,33405
2009-04,Yukon,33583
2009-07,Yukon,33733
2009-10,Yukon,34027
2010-01,Yukon,34009
2010-04,Yukon,34243
2010-07,Yukon,34598
2010-10,Yukon,34790
2011-01,Yukon,34802
2011-04,Yukon,34984
2011-07,Yukon,35366
2011-10,Yukon,35578
2012-01,Yukon,35695
2012-04,Yukon,35757
2012-07,Yukon,36151
2012-10,Yukon,36347
2013-01,Yukon,36299
2013-04,Yukon,36242
2013-07,Yukon,36454
2013-10,Yukon,36384
2014-01,Yukon,36333
2014-04,Yukon,36626
2014-07,Yukon,37085
2014-10,Yukon,37223
2015-01,Yukon,37123
2015-04,Yukon,37330
2015-07,Yukon,37669
2015-10,Yukon,37730
2016-01,Yukon,37756
2016-04,Yukon,38025
2016-07,Yukon,38549
2016-10,Yukon,38724
2017-01,Yukon,38801
2017-04,Yukon,39108
2017-07,Yukon,39533
2017-10,Yukon,39705
2018-01,Yukon,39873
2018-04,Yukon,40037
2018-07,Yukon,40403
2018-10,Yukon,40533
2019-01,Yukon,40716
2019-04,Yukon,40779
2019-07,Yukon,41187
2019-10,Yukon,41460
2020-01,Yukon,41505
2020-04,Yukon,41807
2020-07,Yukon,41958
2020-10,Yukon,42109
2021-01,Yukon,42157
2021-04,Yukon,42443
2021-07,Yukon,42961
2021-10,Yukon,43128
2022-01,Yukon,43067
2022-04,Yukon,43455
2022-07,Yukon,43900
2022-10,Yukon,44193
2023-01,Yukon,44509
2023-04,Yukon,44916
2023-07,Yukon,45463
2023-10,Yukon,45676
2024-01,Yukon,45936
2024-04,Yukon,46353
2024-07,Yukon,46704
2024-10,Yukon,46948
2025-01,Yukon,47126
1991-07,Northwest Territories,38724
1991-10,Northwest Territories,38854
1992-01,Northwest Territories,39055
1992-04,Northwest Territories,39230
1992-07,Northwest Territories,39416
1992-10,Northwest Territories,39422
1993-01,Northwest Territories,39538
1993-04,Northwest Territories,39649
1993-07,Northwest Territories,39820
1993-10,Northwest Territories,40095
1994-01,Northwest Territories,40273
1994-04,Northwest Territories,40383
1994-07,Northwest Territories,40578
1994-10,Northwest Territories,40875
1995-01,Northwest Territories,41114
1995-04,Northwest Territories,41407
1995-07,Northwest Territories,41432
1995-10,Northwest Territories,41470
1996-01,Northwest Territories,41495
1996-04,Northwest Territories,41516
1996-07,Northwest Territories,41741
1996-10,Northwest Territories,41611
1997-01,Northwest Territories,41528
1997-04,Northwest Territories,41668
1997-07,Northwest Territories,41625
1997-10,Northwest Territories,41411
1998-01,Northwest Territories,41222
1998-04,Northwest Territories,40968
1998-07,Northwest Territories,40802
1998-10,Northwest Territories,40635
1999-01,Northwest Territories,40635
1999-04,Northwest Territories,40705
1999-07,Northwest Territories,40638
1999-10,Northwest Territories,40579
2000-01,Northwest Territories,40623
2000-04,Northwest Territories,40455
2000-07,Northwest Territories,40480
2000-10,Northwest Territories,40575
2001-01,Northwest Territories,40624
2001-04,Northwest Territories,40625
2001-07,Northwest Territories,40850
2001-10,Northwest Territories,41175
2002-01,Northwest Territories,41176
2002-04,Northwest Territories,41280
2002-07,Northwest Territories,41698
2002-10,Northwest Territories,41874
2003-01,Northwest Territories,42007
2003-04,Northwest Territories,42218
2003-07,Northwest Territories,42598
2003-10,Northwest Territories,42855
2004-01,Northwest Territories,43166
2004-04,Northwest Territories,43208
2004-07,Northwest Territories,43306
2004-10,Northwest Territories,43354
2005-01,Northwest Territories,43440
2005-04,Northwest Territories,43456
2005-07,Northwest Territories,43399
2005-10,Northwest Territories,43523
2006-01,Northwest Territories,43315
2006-04,Northwest Territories,43101
2006-07,Northwest Territories,43185
2006-10,Northwest Territories,43205
2007-01,Northwest Territories,43088
2007-04,Northwest Territories,43127
2007-07,Northwest Territories,43396
2007-10,Northwest Territories,43286
2008-01,Northwest Territories,43384
2008-04,Northwest Territories,43388
2008-07,Northwest Territories,43385
2008-10,Northwest Territories,43315
2009-01,Northwest Territories,43136
2009-04,Northwest Territories,43122
2009-07,Northwest Territories,43171
2009-10,Northwest Territories,42938
2010-01,Northwest Territories,42981
2010-04,Northwest Territories,43161
2010-07,Northwest Territories,43292
2010-10,Northwest Territories,43307
2011-01,Northwest Territories,43265
2011-04,Northwest Territories,43263
2011-07,Northwest Territories,43493
2011-10,Northwest Territories,43576
2012-01,Northwest Territories,43630
2012-04,Northwest Territories,43678
2012-07,Northwest Territories,43624
2012-10,Northwest Territories,43656
2013-01,Northwest Territories,43709
2013-04,Northwest Territories,43840
2013-07,Northwest Territories,43774
2013-10,Northwest Territories,43727
2014-01,Northwest Territories,43767
2014-04,Northwest Territories,43760
2014-07,Northwest Territories,43851
2014-10,Northwest Territories,44031
2015-01,Northwest Territories,44106
2015-04,Northwest Territories,44159
2015-07,Northwest Territories,44247
2015-10,Northwest Territories,44443
2016-01,Northwest Territories,44515
2016-04,Northwest Territories,44595
2016-07,Northwest Territories,44624
2016-10,Northwest Territories,44471
2017-01,Northwest Territories,44471
2017-04,Northwest Territories,44626
2017-07,Northwest Territories,44656
2017-10,Northwest Territories,44825
2018-01,Northwest Territories,44730
2018-04,Northwest Territories,44934
2018-07,Northwest Territories,44536
2018-10,Northwest Territories,44487
2019-01,Northwest Territories,44675
2019-04,Northwest Territories,44560
2019-07,Northwest Territories,44442
2019-10,Northwest Territories,44512
2020-01,Northwest Territories,44533
2020-04,Northwest Territories,44565
2020-07,Northwest Territories,44504
2020-10,Northwest Territories,44395
2021-01,Northwest Territories,44432
2021-04,Northwest Territories,44679
2021-07,Northwest Territories,44579
2021-10,Northwest Territories,44593
2022-01,Northwest Territories,44752
2022-04,Northwest Territories,44788
2022-07,Northwest Territories,44634
2022-10,Northwest Territories,44588
2023-01,Northwest Territories,44446
2023-04,Northwest Territories,44468
2023-07,Northwest Territories,44681
2023-10,Northwest Territories,44495
2024-01,Northwest Territories,44499
2024-04,Northwest Territories,44686
2024-07,Northwest Territories,44731
2024-10,Northwest Territories,44936
2025-01,Northwest Territories,45074
1991-07,Nunavut,22154
1991-10,Nunavut,22320
1992-01,Nunavut,22497
1992-04,Nunavut,22659
1992-07,Nunavut,22883
1992-10,Nunavut,23005
1993-01,Nunavut,23171
1993-04,Nunavut,23321
1993-07,Nunavut,23559
1993-10,Nunavut,23801
1994-01,Nunavut,23980
1994-04,Nunavut,24205
1994-07,Nunavut,24407
1994-10,Nunavut,24537
1995-01,Nunavut,24691
1995-04,Nunavut,24863
1995-07,Nunavut,24978
1995-10,Nunavut,25120
1996-01,Nunavut,25291
1996-04,Nunavut,25463
1996-07,Nunavut,25669
1996-10,Nunavut,25748
1997-01,Nunavut,25736
1997-04,Nunavut,25839
1997-07,Nunavut,25884
1997-10,Nunavut,25994
1998-01,Nunavut,26082
1998-04,Nunavut,26183
1998-07,Nunavut,26373
1998-10,Nunavut,26449
1999-01,Nunavut,26575
1999-04,Nunavut,26721
1999-07,Nunavut,26820
1999-10,Nunavut,26997
2000-01,Nunavut,27145
2000-04,Nunavut,27228
2000-07,Nunavut,27498
2000-10,Nunavut,27683
2001-01,Nunavut,27798
2001-04,Nunavut,27929
2001-07,Nunavut,28134
2001-10,Nunavut,28178
2002-01,Nunavut,28334
2002-04,Nunavut,28383
2002-07,Nunavut,28817
2002-10,Nunavut,28852
2003-01,Nunavut,28963
2003-04,Nunavut,29099
2003-07,Nunavut,29301
2003-10,Nunavut,29349
2004-01,Nunavut,29495
2004-04,Nunavut,29560
2004-07,Nunavut,29836
2004-10,Nunavut,29792
2005-01,Nunavut,29936
2005-04,Nunavut,30099
2005-07,Nunavut,30328
2005-10,Nunavut,30397
2006-01,Nunavut,30569
2006-04,Nunavut,30641
2006-07,Nunavut,30818
2006-10,Nunavut,30880
2007-01,Nunavut,30957
2007-04,Nunavut,31184
2007-07,Nunavut,31394
2007-10,Nunavut,31560
2008-01,Nunavut,31616
2008-04,Nunavut,31683
2008-07,Nunavut,31898
2008-10,Nunavut,31970
2009-01,Nunavut,32068
2009-04,Nunavut,32393
2009-07,Nunavut,32604
2009-10,Nunavut,32816
2010-01,Nunavut,32926
2010-04,Nunavut,33143
2010-07,Nunavut,33359
2010-10,Nunavut,33577
2011-01,Nunavut,33736
2011-04,Nunavut,33925
2011-07,Nunavut,34185
2011-10,Nunavut,34335
2012-01,Nunavut,34403
2012-04,Nunavut,34579
2012-07,Nunavut,34658
2012-10,Nunavut,34830
2013-01,Nunavut,34963
2013-04,Nunavut,34987
2013-07,Nunavut,35330
2013-10,Nunavut,35536
2014-01,Nunavut,35583
2014-04,Nunavut,35801
2014-07,Nunavut,35966
2014-10,Nunavut,36100
2015-01,Nunavut,36214
2015-04,Nunavut,36277
2015-07,Nunavut,36490
2015-10,Nunavut,36602
2016-01,Nunavut,36718
2016-04,Nunavut,36766
2016-07,Nunavut,36979
2016-10,Nunavut,37084
2017-01,Nunavut,37246
2017-04,Nunavut,37431
2017-07,Nunavut,37656
2017-10,Nunavut,37829
2018-01,Nunavut,37830
2018-04,Nunavut,37976
2018-07,Nunavut,38322
2018-10,Nunavut,38487
2019-01,Nunavut,38574
2019-04,Nunavut,38764
2019-07,Nunavut,38839
2019-10,Nunavut,38893
2020-01,Nunavut,39010
2020-04,Nunavut,39137
2020-07,Nunavut,39479
2020-10,Nunavut,39581
2021-01,Nunavut,39750
2021-04,Nunavut,39879
2021-07,Nunavut,40086
2021-10,Nunavut,40229
2022-01,Nunavut,40271
2022-04,Nunavut,40460
2022-07,Nunavut,40457
2022-10,Nunavut,40491
2023-01,Nunavut,40569
2023-04,Nunavut,40560
2023-07,Nunavut,40700
2023-10,Nunavut,40898
2024-01,Nunavut,40794
2024-04,Nunavut,40851
2024-07,Nunavut,41159
2024-10,Nunavut,41258
2025-01,Nunavut,41414
